,IDs,x_coord,y_coord
0,MP0,754.1173281802812,149.12492317271742
1,MP1,825.3768886008149,748.2470803614507
2,MP2,797.260481484251,763.1016495788509
3,MP3,502.47015151992616,56.93928134086346
4,MP4,741.7309691525351,397.2300607065301
5,MP5,636.8558690996955,914.0435293304054
6,MP6,124.15348588723563,302.5592712658786
7,MP7,310.61807442983167,27.358848041957874
8,MP8,582.0913531786559,782.1132249918863
9,MP9,280.2364510569425,664.9608420276252
