,IDs,x_coord,y_coord
0,S0,2.039302562374208,4.933960058516941
1,S1,0.07703277962327948,7.320819570060216
2,S2,9.871717986298465,7.545983832171835
3,S3,7.087544404377967,6.4193754849252604
4,S4,2.510420478827574,3.8926679081087623
5,S5,3.5143817478055994,5.107145758793921
6,S6,1.4221288412474198,8.87661759047614
7,S7,9.469711266522747,0.1815335056637235
8,S8,6.343658545510086,2.895224007314765
9,S9,6.675020644692653,2.2081281999616644
