,IDs,x_coord,y_coord
0,S0,6.133954758022324,0.18366526360976243
1,S1,3.745334148260031,5.341458873255462
2,S2,8.071183257742637,8.785290698640711
3,S3,3.2960261981771097,3.804492522321673
4,S4,8.651128441735361,5.843578604891789
5,S5,9.859202840188507,2.2889111995428966
6,S6,3.3489864505856004,8.480939640712494
7,S7,2.6146084094358324,7.636778626454238
8,S8,9.139288599156538,7.863550337017621
9,S9,6.73418292969172,3.4167055481813193
