,IDs,x_coord,y_coord
0,S0,5.855087945738871,0.5696023700035169
1,S1,6.331728298055999,1.6693441737092662
2,S2,4.7490753686117735,4.771474458120574
3,S3,1.3442157887127737,4.6924126163116275
4,S4,0.8075943415385767,1.0857346414753055
5,S5,1.2323879959843431,0.37387503997378335
6,S6,4.007561625685043,0.038726876110464215
7,S7,2.2398016598453516,7.603718697628961
8,S8,3.3135142135239173,3.3456021224930987
9,S9,9.516745919855754,9.521449484864425
