,IDs,x_coord,y_coord
0,S0,1.5429436586202427,9.199012110240103
1,S1,5.159903270438816,2.684289297222109
2,S2,3.285004730252148,3.4819301393504087
3,S3,4.08034295129288,8.290986858218186
4,S4,1.860577705841211,0.8706645351674702
5,S5,3.837823209285248,8.21501212695065
6,S6,1.9562467952096751,2.331291495790402
7,S7,0.5344214241556777,3.398730925738481
8,S8,2.0700011521858763,4.5148945360269765
9,S9,9.879678536295156,3.381039824913954
