,IDs,x_coord,y_coord
0,S0,7.012858650302757,6.47991822899534
1,S1,4.0482323848742165,3.748722113327073
2,S2,2.0629752539531188,5.282874677269971
3,S3,9.089333570076203,6.65163215518723
4,S4,9.59740268951527,8.405347693704954
5,S5,9.197095687498843,7.837502365086272
6,S6,3.2845096914642724,7.6509166528289505
7,S7,4.397627982339029,5.555830998353715
8,S8,2.9831933389078036,8.230008646952653
9,S9,7.273022475544883,0.8774284324536141
