,IDs,x_coord,y_coord
0,S0,7.750689797655157,9.190629489787089
1,S1,2.6814021659389575,6.623197031770298
2,S2,6.881198538432543,4.756377696092827
3,S3,6.833798874308146,4.441816441697858
4,S4,0.6009258360721181,6.668453237387403
5,S5,7.243049962407867,7.23121166316123
6,S6,5.185374586569442,5.622456672114481
7,S7,4.038078794758628,5.182994353933598
8,S8,9.726420032510637,0.9395126261347997
9,S9,7.030054089274156,3.39546573713853
