,IDs,x_coord,y_coord
0,S0,0.16606283332050942,5.0704451081382444
1,S1,2.3712248342033035,7.496557646330583
2,S2,9.294654784650811,8.832312020431464
3,S3,5.886499872171328,1.4433014174804204
4,S4,5.636588707916229,1.7227696512497614
5,S5,4.87742620087456,4.059751191256189
6,S6,3.7299567114783203,4.987195797145989
7,S7,9.272151006604155,1.543221230573526
8,S8,1.286620783810346,8.539116829420955
9,S9,2.747948301375783,2.4474187759008936
