,IDs,x_coord,y_coord
0,S0,9.069668237632989,6.214232991193879
1,S1,9.196249624504064,2.7554696672416643
2,S2,4.6974918666207275,0.8992523623145232
3,S3,8.841917789977616,1.7292598471506626
4,S4,9.541252393340843,3.6364269627551247
5,S5,6.987788961178348,2.110138690453568
6,S6,4.778376534159347,1.1106454863256165
7,S7,6.686208730973259,0.49448037890248986
8,S8,3.268702280724197,9.181802554864953
9,S9,7.774713569681389,8.944601161503117
