,IDs,x_coord,y_coord
0,S0,5.358059728190164,3.2142080900850023
1,S1,5.85285239093121,7.127149131506951
2,S2,1.2849824544125987,1.4686471962945646
3,S3,2.27182284415166,6.784690712402135
4,S4,8.53017693219274,0.9932583797161432
5,S5,3.476361908681458,1.9836556370761171
6,S6,0.5842857216018726,8.142866499659366
7,S7,3.421997756346001,0.02828438288782542
8,S8,6.0935078422522935,3.0128644452104423
9,S9,4.332416063474627,3.524675171311853
