,IDs,x_coord,y_coord
0,S0,3.8452831613816816,0.9521422755086639
1,S1,7.165731735378032,3.2571258389669957
2,S2,4.4975751714192915,0.7044183835655782
3,S3,2.8411651231884925,1.0543384512345122
4,S4,5.420208755964502,4.00104389074317
5,S5,6.326339980652509,5.680549838250174
6,S6,4.853575781889549,3.9363440367647184
7,S7,5.877709794239632,4.669176925181429
8,S8,5.411257745108852,8.53699658018342
9,S9,7.265405423912302,8.17435627212219
