,IDs,x_coord,y_coord
0,S0,4.478889638454811,8.40720455096337
1,S1,9.427754298658703,4.537677120508387
2,S2,5.959953031194863,5.5169974932922425
3,S3,4.502892147443541,6.822183049019027
4,S4,3.395023931061143,9.40955548993252
5,S5,7.825913382903612,9.517511263130412
6,S6,8.15997042291797,1.7948322642088888
7,S7,8.401595313975786,8.172161756469645
8,S8,2.5342686055475183,5.843555811014566
9,S9,8.880896759079844,9.000792452243966
