,IDs,x_coord,y_coord
0,S0,6.589202893699653,7.563624413093404
1,S1,9.201679479016919,4.680953729882361
2,S2,2.7431238876963224,7.946562671556738
3,S3,3.6710114342373448,5.708740990855931
4,S4,9.505573399263668,4.570653069566292
5,S5,6.768848674770448,8.295051870732028
6,S6,8.030616745531544,0.15432599884657505
7,S7,6.284829915650238,8.287078857789323
8,S8,3.7563205792697394,5.4606993807515005
9,S9,0.384229691346758,1.117573870365507
