,IDs,x_coord,y_coord
0,S0,4.469068969044492,1.6931069880682759
1,S1,8.162043864409231,7.107695185467616
2,S2,0.9544377462384224,0.0027892683353614167
3,S3,3.320127276648168,9.291316387951499
4,S4,1.7038042675558873,5.290802652393327
5,S5,8.160181445382593,3.4348625317459422
6,S6,3.001044527306375,7.875412664463619
7,S7,7.611042876328642,0.043363354004601895
8,S8,3.7694857438721927,6.1252138039174895
9,S9,3.057683179343913,4.6918332700884005
