,IDs,x_coord,y_coord
0,S0,9.830685094219568,9.651022237112317
1,S1,7.428770424713993,4.6874283063861375
2,S2,6.0425382949128394,9.187281635210736
3,S3,2.5749006605840075,4.817108955481252
4,S4,3.539943923444002,4.955938641253876
5,S5,6.001411769751492,4.973671500782785
6,S6,2.729274043665082,2.8671112855506253
7,S7,1.5781184563562956,5.050647219087874
8,S8,9.180468644679955,5.05535886442252
9,S9,0.8797180234526902,0.6140238246346141
