,IDs,x_coord,y_coord
0,S0,1.9392474639345147,7.311266994655794
1,S1,5.776303496611445,4.842047058646273
2,S2,8.978621110314327,8.533133868353737
3,S3,6.451129481501921,5.366150082134771
4,S4,1.303858820545708,3.1387351942723107
5,S5,6.043519246492762,4.793214432255022
6,S6,6.709323421479586,0.21510915971470146
7,S7,3.6145435651876614,0.517683479563732
8,S8,5.105036273537907,3.144273963330455
9,S9,9.265342554418567,0.9163859616563585
