,IDs,x_coord,y_coord
0,S0,49.46870997017072,561.1125657991718
1,S1,44.645156874510874,841.7061256692699
2,S2,813.0424166703757,134.23378808606668
