,IDs,x_coord,y_coord
0,S0,5.480442430738071,6.490678765147441
1,S1,6.348281092949558,8.4661431755211
2,S2,4.006186536198727,0.7769741885097436
3,S3,7.100136026025351,8.643488007952929
4,S4,1.0285945824611453,5.771217708596312
5,S5,3.481685489712769,2.7096095255815578
6,S6,3.1327242664017527,6.437658497495056
7,S7,2.6047119544709285,6.982152213689913
8,S8,0.3936144805449304,5.658304034459221
9,S9,5.579953233448933,9.524561078095985
