,IDs,x_coord,y_coord
0,S0,1.1652475738444101,4.401218262794138
1,S1,0.6151534366134637,1.3674112519190507
2,S2,6.377027611095021,0.9704720864773364
3,S3,3.3366172482483214,0.06866906414881191
4,S4,3.679230156709022,3.3075766087556158
5,S5,6.077698563708487,3.7779200193509697
6,S6,0.3023085839682771,7.724286913925681
7,S7,2.658983277402834,1.039939775843316
8,S8,2.531016920640571,3.6203967912449206
9,S9,3.862516157962016,7.318743921594884
