,IDs,x_coord,y_coord
0,S0,5.9177230330373485,2.118697106534364
1,S1,9.152317899447041,1.6454816913548709
2,S2,6.713962723125726,6.271842432958073
3,S3,1.9449603744515653,6.540905619227308
4,S4,2.1126583216185804,5.115556325888812
5,S5,2.2782344989922576,7.080507356622581
6,S6,2.3670029623365774,3.250514385340094
7,S7,7.531460071397945,6.251498559512275
8,S8,9.677403444571826,7.7532374787721885
9,S9,4.993611255048639,1.9583903103915279
