,IDs,x_coord,y_coord
0,S0,2.4828282438488114,3.2416845007287884
1,S1,6.534702819969217,0.11012118027497908
2,S2,2.825174687110359,3.18854406226302
3,S3,8.07431272210547,8.049408432611887
4,S4,5.679869277592253,8.867490717861532
5,S5,8.346298444543566,3.0567612657497554
6,S6,1.4279372443725835,1.3947475206997373
7,S7,4.195851007100931,5.877083654373498
8,S8,1.4859310102013634,9.746571811149291
9,S9,9.787419144082822,4.160920091249083
