,IDs,x_coord,y_coord
0,S0,6.838439371101533,5.001465149703785
1,S1,9.809577425584244,3.8680904181029705
2,S2,1.1418488738878985,9.281642332849353
3,S3,2.2374037951140844,5.359365759573381
4,S4,6.76446445945765,6.246955993021809
5,S5,1.1185292222851972,9.157710323879641
6,S6,7.049298005723228,5.6330090291261445
7,S7,7.251602188809368,3.886712303775086
8,S8,9.74917191545922,0.5449623107531654
9,S9,6.544899034119307,7.649280819481236
