,IDs,x_coord,y_coord
0,S0,5.7885579565586776,7.706455127460403
1,S1,5.781402137135753,3.919857658866861
2,S2,4.826445248791996,0.38646080262838334
3,S3,8.358786544216986,7.15348543208253
4,S4,1.1030500642121954,1.2614347508507329
5,S5,5.078149891082361,7.080764570713207
6,S6,5.243315370600195,6.416180272766975
7,S7,2.2064549818257007,5.170042818756112
8,S8,1.901509285033025,2.897858409171563
9,S9,1.37689537359029,8.827241862977267
