,IDs,x_coord,y_coord
0,S0,1.5994051198133985,0.8244580347436747
1,S1,9.880164135797127,4.388295905566297
2,S2,8.133131364673952,5.746431820664655
3,S3,2.7079065550934764,2.740009751640188
4,S4,5.01441530000838,4.348571125263096
5,S5,1.0805491250923238,8.576661662364067
6,S6,9.175122287642585,7.132327664553638
7,S7,5.673046564488596,1.2250397875146757
8,S8,2.814361019096221,9.19084364666345
9,S9,3.613623147716339,4.0452407156381565
