,IDs,x_coord,y_coord
0,S0,1.5040554229758818,7.539115581731583
1,S1,8.832076596550229,7.501103140268546
2,S2,6.430369035311444,7.858870796219754
3,S3,8.074536304235545,3.7626290493500045
4,S4,4.1908271190515425,1.745877388984327
5,S5,9.797590329051914,1.2448807696340847
6,S6,1.9263213107975763,3.013208681714712
7,S7,5.97979745909421,0.5884776774379741
8,S8,1.876861869983688,0.42273049680030983
9,S9,8.182585191010158,1.0978779450205334
