,IDs,x_coord,y_coord
0,S0,1.6407166064203638,1.1825189401489777
1,S1,2.8783122383816604,6.57046318728807
2,S2,4.433309231581093,8.760737187809069
3,S3,2.9126195169308344,5.860428692957537
4,S4,4.758313609507105,2.8617543829017897
5,S5,5.213968623085999,5.868026267211965
6,S6,2.227664392719284,9.772496393943529
7,S7,4.839971474982329,7.750066961097274
8,S8,6.693924222347646,4.177768812413279
9,S9,8.79322452478183,2.6804144843030233
