,IDs,x_coord,y_coord
0,S0,5.400795008452242,8.568610662275729
1,S1,8.264308342277491,0.9706968893147039
2,S2,5.176656664438757,1.9395579748700775
3,S3,1.5220211325993394,5.2767679085569625
4,S4,2.732677991929945,3.99116584193464
5,S5,9.316114669701603,5.221953687158453
6,S6,0.5019551444112824,5.764253390159322
7,S7,6.399081306215042,6.219750697337494
8,S8,7.881039402926201,8.539838548150971
9,S9,6.905777888211865,2.048461605377172
