,IDs,x_coord,y_coord
0,S0,9.616964618639447,7.442856447821104
1,S1,1.0186628529512232,8.254502365849131
2,S2,1.4142553640973843,9.783096303418821
3,S3,7.696989011805818,8.920602263431586
4,S4,2.9711824355118646,7.0737707211611776
5,S5,1.8958752632486386,8.72116077049358
6,S6,0.41000747226420664,1.0750300411746982
7,S7,6.836673776334413,3.562562806871651
8,S8,3.6602742326719206,8.63349123760219
9,S9,3.66661726515534,6.442159467700337
