,IDs,x_coord,y_coord
0,S0,9.750443400717067,4.192158068224224
1,S1,7.5912190471101395,8.837568589184695
2,S2,7.6535284709347735,3.5471624837531945
3,S3,3.4406337011615316,8.059462269013801
4,S4,3.1790843076143602,7.634588260026557
5,S5,3.855954718043346,7.255082652354407
6,S6,3.3345139382396702,1.0998375882686784
7,S7,1.285998505532422,0.8216048108095719
8,S8,7.298816813861101,3.6120080265745305
9,S9,9.337997933641857,5.882334834272224
