,IDs,x_coord,y_coord
0,S0,2.2465538007935892,2.8959023050413646
1,S1,4.910031181292581,8.979038927924371
2,S2,4.679666383125359,0.8830540762222039
3,S3,6.557714444681116,6.091703744599316
4,S4,8.901571429201482,7.545875715098912
5,S5,3.444155276062638,2.7590211355134544
6,S6,4.070965925009125,3.7851187033991773
7,S7,1.3678721126370375,3.759775482735066
8,S8,7.289642521412998,4.690767362718747
9,S9,5.472758385144056,5.2385712746015844
